[{
"name": "kyui",
"img": "https://booth.pximg.net/395be418-27fb-4339-a2d7-3309b5b175c0/i/4464764/92844255-289c-4629-8efb-5301766e671b_base_resized.jpg",
"source": "https://kuronekotsuki.booth.pm/items/4464764",
"download": "https://workupload.com/file/NEZMYJVtPM3",
"avatarName": [],
"comment":""
},
{
"name": "Beezle",
"img": "https://public-files.gumroad.com/zogxt64vcdytm2msgy5h5k48bue6",
"source": "https://skullyhellfire.gumroad.com/l/skullysbeezle?layout=profile",
"download": "https://c5.kemono.su/data/a0/23/a023353ff8a304539db47b60dcacd6527cf5b3535abd64c8dacaf4b0b99b123a.zip?f=Beezle1.1.zip",
"avatarName": [],
"comment":""
},
{
"name": "Whisper",
"img": "https://public-files.gumroad.com/z3f987k3w933votkn6be85a320og",
"source": "https://chunkerbuns.gumroad.com/l/NMvPw",
"download": "https://c1.kemono.su/data/92/db/92dbfc7a03a5b58265bec5bc4f65af31aa0496386581257a9a664ebfe572d1ee.gz?f=Whisper_2.3.unitypackage",
"avatarName": [],
"comment":""
},
{
"name": "Mackenzie",
"img": "https://img.kemono.su/thumbnail/data/85/de/85dea9b2e1ee0bda1881c3744ba0d141b12b435a62feeed9d08ea168b23efee8.png",
"source": "https://npt2.gumroad.com/l/appeal?layout=profile",
"download": "https://c4.kemono.su/data/0c/60/0c605ff2ba0e068eaa5b327e2e0bc5a386192d1589c604c9c797823f32a42a6e.zip?f=mckVRCHAT.zip",
"avatarName": [],
"comment":""
},
{
"name": "Spooky Spider",
"img": "https://public-files.gumroad.com/8mwkb0h60iiukqzlkfwhiwrf8s0k",
"source": "https://vulthra.gumroad.com/l/spookyspider?layout=profile",
"download": "https://kemono.su/6a/e9/6ae9779c70be3bff0c464c8594da3d7898e100be7161eac22ab181f6974ee535.gz?f=Spooky%20Spider%20PC.unitypackage",
"avatarName": [],
"comment":""
},
{
"name": "Kooky Kobold",
"img": "https://public-files.gumroad.com/nptnjhcntaexro4vw9gueagfqw7c",
"source": "https://vulthra.gumroad.com/l/kookykobold?layout=profile",
"download": "https://c1.kemono.su/data/2f/2c/2f2c4fca4027ce1d1bfbfc3163f625e70d24d86714abd442358b80b896c6a5fd.gz?f=Kooky%20Kobold%20(PC%20and%20QUEST",
"avatarName": [],
"comment":""
},
{
"name": "Love You Furever! PC + QUEST (Vrchat 3.0 Physbones) LIMITED HOLIDAY EDITION",
"img": "https://public-files.gumroad.com/x7670gp9jbypnwxug51b7of0zx4c",
"source": "https://foxipaws.gumroad.com/l/Valentine?layout=profile",
"download": "https://drive.google.com/drive/folders/1TOaokPMrgLgsTJh_ZDmpywqH1bqfdpT3?usp=sharing",
"avatarName": [],
"comment":""
},
{
"name": "Nomu — Version 1.0.1",
"img": "https://booth.pximg.net/8fa2dae1-2120-4e2a-bda3-a1c328fd2b84/i/3281848/9273423d-0a6b-46cf-a0b8-a5b36e286cc1.jpg",
"source": "https://booth.pm/ja/items/3281848",
"download": "https://pixeldrain.com/u/73tUVMsh",
"avatarName": [],
"comment":""
},
{
"name": "Chalo",
"img": "https://booth.pximg.net/63bb113e-c342-4a1d-9041-17363a0b3811/i/5201759/3780b0ad-85a0-43d3-b683-f4bff07b27e5_base_resized.jpg",
"source": "https://booth.pm/en/items/5201759",
"download": "https://mega.nz/file/drtSAagT#ErMxpDVA6Qk8F_aMWZhFhUsJOfoAjIcxS8retDIeNsM",
"avatarName": [],
"comment":""
},
{
"name": "Nardoragon",
"img": "https://public-files.gumroad.com/yzovdc73bl5jybq56451j54kazw4",
"source": "https://nardoiri.gumroad.com/l/Nardoragon",
"download": "https://workupload.com/file/nt82U7FSeKV",
"avatarName": [],
"comment":""
},
{
"name": "Hyenid VRChat Avatar V1.16",
"img": "https://public-files.gumroad.com/rairqnoztwbmh1mvtgdsnysop0qw",
"source": "https://alber.gumroad.com/l/Hyenid",
"download": "https://workupload.com/archive/KApnaXv56z",
"avatarName": [],
"comment":""
},
{
"name": "MANGA Poppi (Re Up)",
"img": "https://i.imgur.com/ZPUHXgj.png",
"source": "https://monsterboxshop.com/products/manga-poppi-vrc-avatar",
"download": "https://workupload.com/file/5zAFTZS2W2n",
"avatarName": ["-ext-"],
"comment":""
},
{
"name": "Alfie",
"img": "https://booth.pximg.net/63bb113e-c342-4a1d-9041-17363a0b3811/i/2900085/e770e727-dc3b-4043-aba2-6089e32016cd_base_resized.jpg",
"source": "https://booth.pm/en/items/2900085",
"download": "https://drive.google.com/file/d/177MEmqewEczEzTDnErfSMN17d_szSqZ6/view",
"avatarName": [],
"comment":""
},
{
"name": "Amu",
"img": "https://booth.pximg.net/400b5b72-c915-4f56-880a-2d5fb37528ed/i/4181718/1222cef3-21f4-462e-9192-0cbd0973700c_base_resized.jpg",
"source": "https://booth.pm/en/items/4181718",
"download": "https://workupload.com/file/DLKuKvRNLzZ",
"avatarName": [],
"comment":""
},
{
"name": "Raika",
"img": "https://s2.booth.pm/ffffcf37-7dab-4fae-9f6c-47e7e4842629/i/5107422/805ff954-bd78-4428-82f8-8e362256b8a6_base_resized.jpg",
"source": "https://konomipainter.booth.pm/items/5107422",
"download": "https://workupload.com/file/pEaFswDpNWc",
"avatarName": [],
"comment":""
},
{
"name": "Silvia",
"img": "https://s2.booth.pm/b6334ced-5e5e-4d54-a755-a52e7eff9591/i/3027770/3225fcb9-e8ed-47c1-87c6-cef645e163bf_base_resized.jpg",
"source": "https://6-steel-division.booth.pm/items/3027770",
"download": "https://pixeldrain.com/u/FJV7XCRr",
"avatarName": ["-steel-"],
"comment":""
},
{
"name": "The Dominance Anubis",
"img": "https://public-files.gumroad.com/vq85hp8eetqk9sdzjdndne2j12ur",
"source": "https://bom39.gumroad.com/l/TheDominanceaAnubis?layout=profile",
"download": "https://pixeldrain.com/u/VATXVFA5",
"avatarName": [],
"comment":""
},
{
"name": "Summertime Anubis",
"img": "https://public-files.gumroad.com/hodx3jm8hvubrchomi2x50yjbu6d",
"source": "https://bom39.gumroad.com/l/SummertimeAnubis?layout=profile",
"download": "https://pixeldrain.com/u/inLMwnU6",
"avatarName": [],
"comment":""
},
{
"name": "Haishima v1.1",
"img": "https://s2.booth.pm/63bb113e-c342-4a1d-9041-17363a0b3811/i/4701501/8322febd-a824-4c3f-973b-3de8060ddd44_base_resized.jpg",
"source": "https://mofumofumotimoti.booth.pm/items/4701501",
"download": "https://pixeldrain.com/u/eJJx5pXt",
"avatarName": [],
"comment":""
},
{
"name": "Kiri Feline Cat Furry Vrchat 3.0 (PC + QUEST Physbones)",
"img": "https://public-files.gumroad.com/pcbz8cucg8tujyb2jk7rmcd7qchy",
"source": "https://foxipaws.gumroad.com/l/kiri?layout=profile",
"download": "https://drive.google.com/drive/folders/1c2Sz6fnq12fjc2uEV66BLC0J1TTsGE8R?usp=drive_link",
"avatarName": [],
"comment":""
},
{
"name": "Taojie ver1.1.4",
"img": "https://booth.pximg.net/849eb5f8-33ff-4e28-9367-3cf9314e2366/i/4018251/314cf915-b2df-4d0d-9314-3eb036c39b02_base_resized.jpg",
"source": "https://booth.pm/en/items/4018251",
"download": "https://pixeldrain.com/u/xQ4anBHx",
"avatarName": [],
"comment":""
},
{
"name": "Mochikichi(v1.01_2) & Komochi(v1.00)",
"img": "https://booth.pximg.net/8b62109e-a51e-4c25-9322-c3227df3ef18/i/4183060/191573a7-432e-45d6-82ed-5e31461d854d_base_resized.jpg",
"source": "https://booth.pm/ja/items/4183060",
"download": "https://workupload.com/file/efN9TdTDZap",
"avatarName": [],
"comment":""
},
{
"name": "Nux",
"img": "https://s2.booth.pm/55a57153-8947-40c6-862e-1aff464c7065/i/4779064/3f4d5733-8bce-44e8-bfb5-255ad185ee87_base_resized.jpg",
"source": "https://powermofumofu.booth.pm/items/4779064",
"download": "https://workupload.com/archive/tdjYUmCN9D",
"avatarName": [],
"comment":""
},
{
"name": "patoto",
"img": "https://s2.booth.pm/27010a79-0136-4d30-9f96-72a42eb50fe3/i/4736589/1daae0a0-3a8c-4a89-9063-2e2b6f5392aa_base_resized.jpg",
"source": "https://on-air.booth.pm/items/4736589",
"download": "https://workupload.com/file/qDCXMhmrCas",
"avatarName": [],
"comment":""
},
{
"name": "Queen Bee VRChat Full Body Tracking 3D Model",
"img": "https://public-files.gumroad.com/hukf7evqnjuewzyv40dbo38ptih2",
"source": "https://shadsterwolf.gumroad.com/l/queenbee",
"download": "https://workupload.com/file/MqKhJY5e5cJ",
"avatarName": [],
"comment":""
},
{
"name": "オリジナル3Dモデル【あくまくん—akumakun—】",
"img": "https://s2.booth.pm/63bb113e-c342-4a1d-9041-17363a0b3811/i/2499651/eda5dc9b-7627-48dc-8f94-518b62a1346a_base_resized.jpg",
"source": "https://mofumofumotimoti.booth.pm/items/2499651?_gl=1*1by9sfh*_ga*MjAwMTA5NTc0My4xNjg0MDA2NTE3*_ga_RWT2QKJLDC*MTY4ODM0MzEwMS42NC4xLjE2ODgzNDYxNDIuMC4wLjA.",
"download": "https://workupload.com/file/u97DF8ujqTm",
"avatarName": ["-akumakun-"],
"comment":""
},
{
"name": "Foshunia",
"img": "https://s2.booth.pm/15018b3f-e143-4dbf-bdbd-76137d5c20ea/i/4580093/f54b21ea-8cc7-449b-9e16-96bbba6ed340_base_resized.jpg",
"source": "https://disshimu.booth.pm/items/4580093",
"download": "https://workupload.com/file/FfwH7UtF7dK",
"avatarName": [],
"comment":""
},
{
"name": "Glamrock Roxanne Wolf",
"img": "https://public-files.gumroad.com/5lkxxf716iw4ew1rkrm8yrbcktzc",
"source": "https://teiozemo.gumroad.com/l/Roxannewolf?layout=profile",
"download": "https://www.mediafire.com/file/un91xaruusanylr/Glamrock_Roxy_FBX%252CTexture_and_blendfile.rar/file",
"avatarName": [],
"comment":""
},
{
"name": "Baller Fox",
"img": "https://public-files.gumroad.com/9xz8lcfxcsq8zsa2vkpwzzfmv9md",
"source": "https://riceballer.gumroad.com/l/ballerfox",
"download": "https://mega.nz/file/BYRXCLIC#H5neRceBGBdYBYRWSaDnza-lb7ZCRKn1u8xjm-58pi4",
"avatarName": [],
"comment":""
},
{
"name": "MONO",
"img": "https://booth.pximg.net/63bb113e-c342-4a1d-9041-17363a0b3811/i/3269179/45645d74-f134-4a3a-a948-2138ac8a4ec5_base_resized.jpg",
"source": "https://booth.pm/en/items/3269179",
"download": "https://workupload.com/file/n3krnH5JFJG",
"avatarName": [],
"comment":""
},
{
"name": "Cafura — ver1.3",
"img": "https://s2.booth.pm/0217b519-711e-48ae-bd2b-be4c4f118f44/i/3864870/833879cf-fefc-4d1d-b128-33f1110113e7_base_resized.jpg",
"source": "https://kemobayashi.booth.pm/items/3864870",
"download": "https://workupload.com/file/HS9w5s2Euuj",
"avatarName": [],
"comment":""
},
{
"name": "Carukia ver2.1.1",
"img": "https://s2.booth.pm/395be418-27fb-4339-a2d7-3309b5b175c0/i/2930485/59eeafe8-4518-405e-8a2c-cba4bfdf64fa_base_resized.jpg",
"source": "https://kuronekotsuki.booth.pm/items/2930485",
"download": "https://workupload.com/file/ZUNjUEXqaFj",
"avatarName": [],
"comment":""
},
{
"name": "Minu",
"img": "https://booth.pximg.net/24eb65f2-37d3-4196-9faf-183fecc8ea77/i/3383454/3cac1f70-48c8-434e-a5b8-abe073efcdd5_base_resized.jpg",
"source": "https://booth.pm/en/items/3383454",
"download": "https://drive.google.com/file/d/1TVqQvtCWgFyOorkW0tOtkcXQGcpP1iwj/view?usp=sharing",
"avatarName": [],
"comment":""
},
{
"name": "Motineco 2",
"img": "https://booth.pximg.net/63bb113e-c342-4a1d-9041-17363a0b3811/i/4248718/01c9a57e-89d5-4e51-beac-5320ff804516_base_resized.jpg",
"source": "https://booth.pm/en/items/4248718",
"download": "https://drive.google.com/file/d/1TVqQvtCWgFyOorkW0tOtkcXQGcpP1iwj/view?usp=sharing",
"avatarName": [],
"comment":""
},
{
"name": "Withfur!",
"img": "https://booth.pximg.net/790e551e-7696-4aea-b76f-5bff5152c999/i/4615659/5b8e74d6-6474-4f92-b606-7d11384c45fe_base_resized.jpg",
"source": "https://booth.pm/en/items/4615659",
"download": "https://drive.google.com/file/d/1CzhN6LTbwXSt4XdC571PgCsCy8Eh5n4S/view?usp=sharing",
"avatarName": [],
"comment":""
},
{
"name": "motineco",
"img": "https://booth.pximg.net/63bb113e-c342-4a1d-9041-17363a0b3811/i/2029110/7c99311a-669c-4522-a03c-bd91c29c2940_base_resized.jpg",
"source": "https://booth.pm/ja/items/2029110",
"download": "https://mega.nz/file/ETMwgQDS#uouWbNqj-cGNsgDVcK_8fT4_x43SBbmH6uoBMN-VfZI",
"avatarName": ["-cGNsgDVcK_8fT4_x43SBbmH6uoBMN-"],
"comment":""
},
{
"name": "CHIBI TORA",
"img": "https://booth.pximg.net/b88496f9-b571-4c41-bd07-d928ed5af95b/i/4595348/ca5a8694-b57e-4367-a366-8de49e573f32_base_resized.jpg",
"source": "https://booth.pm/ja/items/4595348",
"download": "https://workupload.com/file/XNM536yWGxZ",
"avatarName": [],
"comment":""
},
{
"name": "lunacea",
"img": "https://s2.booth.pm/360bd522-9817-40ab-9881-391d1894f8d5/i/4256740/7233e048-8a15-4e89-a381-440cae5477cc_base_resized.jpg",
"source": "https://am23ti.booth.pm/items/4256740",
"download": "https://pixeldrain.com/u/qZCkHYy4",
"avatarName": [],
"comment":""
},
{
"name": "Hobkin Redux",
"img": "https://public-files.gumroad.com/00bpqr7mitx7adskhr4xa0i5bln0",
"source": "https://hobbert.gumroad.com/l/VUGqSK",
"download": "https://drive.google.com/file/d/1_3oFa6pdWAZQmDIRqYBZzprVP4MYU7HQ/view?usp=share_link",
"avatarName": [],
"comment":""
},
{
"name": "Akumakun",
"img": "https://s2.booth.pm/63bb113e-c342-4a1d-9041-17363a0b3811/i/2499651/eda5dc9b-7627-48dc-8f94-518b62a1346a_base_resized.jpg",
"source": "https://mofumofumotimoti.booth.pm/items/2499651",
"download": "https://workupload.com/file/TLMStwpRCQq",
"avatarName": [],
"comment":""
},
{
"name": "Anwar",
"img": "https://booth.pximg.net/63bb113e-c342-4a1d-9041-17363a0b3811/i/1904557/9d88cd27-8b3f-4f92-b17a-73086eb737ae_base_resized.jpg",
"source": "https://booth.pm/en/items/1904557",
"download": "https://workupload.com/file/n6qcCLGCvDx",
"avatarName": [],
"comment":""
},
{
"name": "KU Re",
"img": "https://booth.pximg.net/63bb113e-c342-4a1d-9041-17363a0b3811/i/3799421/4f416fb8-5962-4c4c-9039-97c52e8bfe48_base_resized.jpg",
"source": "https://booth.pm/ja/items/3799421",
"download": "https://pixeldrain.com/u/r33tLB4a",
"avatarName": [],
"comment":""
},
{
"name": "torayama",
"img": "https://s2.booth.pm/63bb113e-c342-4a1d-9041-17363a0b3811/i/3446962/62d6fcba-e59d-417c-b694-70e43d2e4280_base_resized.jpg",
"source": "https://mofumofumotimoti.booth.pm/items/3446962",
"download": "https://pixeldrain.com/u/AyBcWJH4",
"avatarName": [],
"comment":""
},
{
"name": "Ladymoon",
"img": "https://booth.pximg.net/bf396708-8ac4-4511-9b93-2072e57f1bcb/i/2000802/b3af03f2-3957-43f5-ab16-dfc371d11008_base_resized.jpg",
"source": "https://rikose.booth.pm/items/2000802",
"download": "https://workupload.com/file/K55Lewgmv66",
"avatarName": [],
"comment":""
},
{
"name": "Feather Dragonet",
"img": "https://s2.booth.pm/b88496f9-b571-4c41-bd07-d928ed5af95b/i/1432568/d3449f91-4c22-4f38-b4ae-1899733514f8_base_resized.jpg",
"source": "https://suko-doge.booth.pm/items/1432568",
"download": "https://www.mediafire.com/file/vk63c1cmk1tvhhf/fether-dragonetver1_0_1.zip/file",
"avatarName": [],
"comment":""
},
{
"name": "Flugel Dragon",
"img": "https://s2.booth.pm/b88496f9-b571-4c41-bd07-d928ed5af95b/i/1436088/267c09e4-c963-4a9b-a717-327616078b5c_base_resized.jpg",
"source": "https://suko-doge.booth.pm/items/1436088",
"download": "https://www.mediafire.com/file/i4w65ion154lwc2/Flugel+Dragon+ver1.0.2.zip/file",
"avatarName": [],
"comment":""
},
{
"name": "Hyenid (v 1.16)",
"img": "https://public-files.gumroad.com/9qhhtpntg9dvkx167xem2w0n0grz",
"source": "https://alber.gumroad.com/l/Hyenid",
"download": "https://drive.google.com/file/d/1EVL3VwE5rkNLsdidSqLofkbFqjugS7Er/view",
"avatarName": [],
"comment":""
},
{
"name": "Boccamicino",
"img": "https://booth.pximg.net/803f6297-c067-4436-91c7-b9cad098981f/i/2644521/438d68f4-cab0-4ff3-a139-f5a7824aaf8a_base_resized.jpg",
"source": "https://booth.pm/ja/items/2644521",
"download": "https://pixeldrain.com/u/bYNkFhYf",
"avatarName": [],
"comment":""
},
{
"name": "Ciffon V2",
"img": "https://booth.pximg.net/63bb113e-c342-4a1d-9041-17363a0b3811/i/2066546/7d774a94-eb21-478a-8618-327fc31e29e9_base_resized.jpg",
"source": "https://booth.pm/ja/items/2066546",
"download": "https://pixeldrain.com/u/AoRWAVxc",
"avatarName": [],
"comment":""
},
{
"name": "pato",
"img": "https://s2.booth.pm/63bb113e-c342-4a1d-9041-17363a0b3811/i/3322578/ca33af10-5f35-4aef-aac4-f8f80d4b0a91_base_resized.jpg",
"source": "https://mofumofumotimoti.booth.pm/items/3322578",
"download": "https://workupload.com/file/xpzB3GfecVp",
"avatarName": [],
"comment":""
},
{
"name": "yasagurecat",
"img": "https://s2.booth.pm/63bb113e-c342-4a1d-9041-17363a0b3811/i/3585961/a2b06947-c5be-49e5-a7a0-6d83e2bf5ee1_base_resized.jpg",
"source": "https://mofumofumotimoti.booth.pm/items/3585961",
"download": "https://workupload.com/file/xJ2kmBKGuct",
"avatarName": [],
"comment":""
},
{
"name": "Mochikichi",
"img": "https://booth.pximg.net/8b62109e-a51e-4c25-9322-c3227df3ef18/i/4183060/191573a7-432e-45d6-82ed-5e31461d854d_base_resized.jpg",
"source": "https://booth.pm/en/items/4183060",
"download": "https://pixeldrain.com/u/ZuYW5FBX",
"avatarName": [],
"comment":""
},
{
"name": "Pomemaru",
"img": "https://booth.pximg.net/8b62109e-a51e-4c25-9322-c3227df3ef18/i/3932081/9c5daf5e-9f92-4fe6-b2fa-dc193eb7b36a_base_resized.jpg",
"source": "https://booth.pm/en/items/3932081",
"download": "https://pixeldrain.com/u/KpGkh2pU",
"avatarName": [],
"comment":""
},
{
"name": "Yoru",
"img": "https://booth.pximg.net/ec77d738-4100-48a0-86a4-f2fdc277cd51/i/4332155/1f9257f9-b190-4b2f-98d4-63fa07aaff30_base_resized.jpg",
"source": "https://booth.pm/en/items/4332155",
"download": "https://drive.google.com/file/d/1TJmynr4_VOfpABRuhAjbyUmJRKg5w-v5/view?usp=sharing",
"avatarName": [],
"comment":""
},
{
"name": "Bone Wraith",
"img": "https://public-files.gumroad.com/ugzs9nzrhh6odjodiy6718cwiuto",
"source": "https://skullyhellfire.gumroad.com/l/skullyswraith?layout=profile",
"download": "https://drive.google.com/file/d/1McFqpYOP1ZRL5FY1Q-3wYLwafvI2MqZt/view?usp=sharing",
"avatarName": [],
"comment":""
},
{
"name": "Noia the Chimera",
"img": "https://public-files.gumroad.com/rhd1zofgxt40h94z5bxklezg5vqt",
"source": "https://skullyhellfire.gumroad.com/l/chimera?layout=profile",
"download": "https://drive.google.com/file/d/1mXnyG1k4svgUs9mr_mwq2YCGa0uaRF3x/view?usp=sharing",
"avatarName": [],
"comment":""
},
{
"name": "College Canine",
"img": "https://public-files.gumroad.com/8oxm8in8n9v33zypmzcz06rwjmi7",
"source": "https://zoidberg656.gumroad.com/l/UBSfR?layout=profile",
"download": "https://drive.google.com/file/d/1wSAus4xlOq85AgZT9CxaugedtFHXeFtT/view?usp=sharing",
"avatarName": [],
"comment":""
},
{
"name": "Fazclaire's Nightclub — Bundle",
"img": "https://public-files.gumroad.com/nuz0dzdfeydsmmgj2cxxgo66uxde",
"source": "https://cryptiacurves.gumroad.com/l/tfnkxE?layout=profile",
"download": "https://drive.google.com/file/d/1qUzqQBWjFCAf4oMWExanZX23RqHs89Pf/view?usp=sharing",
"avatarName": [],
"comment":""
},
{
"name": "Alani",
"img": "https://public-files.gumroad.com/s3mq5e1rlzrhflxuszf0ruqt22de",
"source": "https://xohuvoid.gumroad.com/l/Alanii?layout=profile",
"download": "https://drive.google.com/file/d/1HqcLAonV_LtPrO7n4JeDqaFUBkDaJHpw/view?usp=sharing",
"avatarName": [],
"comment":""
},
{
"name": "Zara",
"img": "https://public-files.gumroad.com/zh27ckjofqji5lmtllojzz23n8x7",
"source": "https://beaniebaby.gumroad.com/l/zarazeedah?layout=profile",
"download": "https://drive.google.com/file/d/13wlwL6dXy5GCZuMSgxeTqonBKrPc0oHo/view?usp=sharing",
"avatarName": [],
"comment":""
},
{
"name": "Rexouium Avatar (finally)",
"img": "https://public-files.gumroad.com/wk6hdfanyrjwm1nruld9pfnfzg9y",
"source": "https://rezilloryker.gumroad.com/l/MYutV?layout=profile&recommended_by=library",
"download": "https://drive.google.com/file/d/1fZWjUp_Q-p_G2yREGx0FPwqC_2U5-sbU/view?usp=sharing",
"avatarName": ["-p_G2yREGx0FPwqC_2U5-"],
"comment":""
},
{
"name": "LexiDemon",
"img": "https://public-files.gumroad.com/0b3p20w2rt5jijl71frdivdzu936",
"source": "https://lexidoll.gumroad.com/l/LexiDemon?layout=profile",
"download": "https://drive.google.com/file/d/1xaqG4sEcYWxrZBc1CYOW1UbX8869lsG4/view?usp=sharing",
"avatarName": [],
"comment":""
},
{
"name": "Haida",
"img": "https://public-files.gumroad.com/variants/d51rnx1bpsj6fql4gd25htlhxg5w/69465b7a4bd72fcf386fc680d78e614a5565aad2c5cf0bc22aa966bc449524b8",
"source": "https://griffonka.gumroad.com/l/HAIDA?layout=discover&recommended_by=search",
"download": "https://drive.google.com/file/d/1qQpc1upRVqYLcfnSh2ZrdcgYOUQn4-fC/view?usp=sharing",
"avatarName": [],
"comment":""
},
{
"name": "Mantled Beast",
"img": "https://public-files.gumroad.com/3mrthzwmm07baj29j9a6fl6ps181",
"source": "https://lorcantheavali.gumroad.com/l/mantledbeast?layout=profile&recommended_by=library",
"download": "https://drive.google.com/file/d/1HQMwillieBPgpLY3mQ0meSAlX7os_9Si/view?usp=sharing",
"avatarName": [],
"comment":""
},
{
"name": "Fawnis",
"img": "https://public-files.gumroad.com/i0j6vlfk0tppsy605xokmjx9app7",
"source": "https://lorcantheavali.gumroad.com/l/fawnis?layout=profile&recommended_by=library",
"download": "https://drive.google.com/file/d/1V5R0f-a2ZFNRiZ21iFizYQvUwmmhOgRh/view?usp=sharing",
"avatarName": [],
"comment":""
},
{
"name": "Ku",
"img": "https://s2.booth.pm/63bb113e-c342-4a1d-9041-17363a0b3811/i/1771622/7b7fca50-0c2a-40f1-973f-2bdbdff974a2_base_resized.jpg",
"source": "https://mofumofumotimoti.booth.pm/items/1771622",
"download": "https://drive.google.com/file/d/1nr0wRpUs0yJ0dNuvdPYp-XihR2VLQbTT/view?usp=sharing",
"avatarName": [],
"comment":""
},
{
"name": "Felisian",
"img": "https://public-files.gumroad.com/tjm17hc0b0j0nhruohlezyfkshth",
"source": "https://xtosca.gumroad.com/l/Felisian",
"download": "https://drive.google.com/file/d/1jPCVkcBkvu8pPCfEiq7C6XlOAsk_DODs/view?usp=sharing",
"avatarName": [],
"comment":""
},
{
"name": "Akky",
"img": "https://public-files.gumroad.com/s2jyxqv33c38lnkrojt32d8zwsko",
"source": "https://marivr.gumroad.com/l/Akkyv2",
"download": "https://drive.google.com/file/d/12JATcbySOPPFZ70QMcIP9ZANzG4PAcYh/view?usp=sharing",
"avatarName": [],
"comment":""
},
{
"name": "Deira",
"img": "https://public-files.gumroad.com/r7dpfvsi7obxirtljsjgwc55rv6j",
"source": "https://marivr.gumroad.com/l/Deira",
"download": "https://drive.google.com/file/d/18EVJ6_yywbSag_o5yo2NPi3NgScIFjKg/view?usp=sharing",
"avatarName": [],
"comment":""
},
{
"name": "Kirin",
"img": "https://public-files.gumroad.com/variants/izlj1kx6vmin37ja7zw96lcqgws1/3298c3eb001bbed90f1d616da66708480096a0a1b6e81bd4f8a2d6e9b831d301",
"source": "https://harumaki.gumroad.com/l/kirinavatar?recommended_by=search",
"download": "https://drive.google.com/file/d/1jTjVNfCmL4dN1NjBOgwIY_4iJsLNL-n9/view?usp=sharing",
"avatarName": [],
"comment":""
},
{
"name": "Biridious",
"img": "https://public-files.gumroad.com/nhxtsqsa36avhl632s09vqoip6dy",
"source": "https://tokyozilla.gumroad.com/l/gJvGO?recommended_by=search",
"download": "https://drive.google.com/file/d/18h348WIeSstCeU7fbQxWtZJh-8nfpwSo/view?usp=sharing",
"avatarName": [],
"comment":""
},
{
"name": "Chimera ECLIPSE",
"img": "https://public-files.gumroad.com/aan7utz3jpkibl3d94nnkfia9r7s",
"source": "https://lackofbindings.gumroad.com/l/chimeraeclipsevrc?recommended_by=search",
"download": "https://drive.google.com/file/d/13OB8Sb7_HMZN4ojXQF6iw9b2TBrg9wwr/view?usp=sharing",
"avatarName": [],
"comment":""
},
{
"name": "Neo's Tiger Bee",
"img": "https://public-files.gumroad.com/bo7tvigxfgke5w82extr5yg0la24",
"source": "https://tokyozilla.gumroad.com/l/Tigerbee?recommended_by=search",
"download": "https://drive.google.com/file/d/1C8lcZkZqrb9jMXqzWNQijfuuZjm6ZK5V/view?usp=sharing",
"avatarName": [],
"comment":""
},
{
"name": "Neo's dragon",
"img": "https://public-files.gumroad.com/dkro6ztjtus5qjzhyy707uiwx1cj",
"source": "https://tokyozilla.gumroad.com/l/Neodragon?recommended_by=search",
"download": "https://drive.google.com/file/d/1gf-746ZuAHNkPhZV9eY7RbZjNH02pXdY/view?usp=sharing",
"avatarName": [],
"comment":""
},
{
"name": "Floofy Kitt",
"img": "https://public-files.gumroad.com/42h1hsywob6ronk3ztn3036rkttj",
"source": "https://riceballer.gumroad.com/l/CoaaW?recommended_by=search",
"download": "https://drive.google.com/file/d/1AKTaaIZeLPPTdklS8P4hvfDzW9FjOPri/view?usp=sharing",
"avatarName": [],
"comment":""
},
{
"name": "Chimera HUE",
"img": "https://public-files.gumroad.com/sro84clasu2nulekhl4tomt9d2ow",
"source": "https://lackofbindings.gumroad.com/l/chimerahuevrc?recommended_by=search",
"download": "https://drive.google.com/file/d/1po5nsTQeJIRlVhdOqMF-Lgp73nIE6xBt/view?usp=sharing",
"avatarName": [],
"comment":""
},
{
"name": "Wolfiyaan",
"img": "https://public-files.gumroad.com/variants/xyl8j4wxn91dr4finorkr7vhkfsi/1a0ee30221c88f5f87a5cc79890ff33cd42d2ca4e4289cc0230ab845543685dc",
"source": "https://domiinyan.gumroad.com/l/Wolfiyaan?recommended_by=search",
"download": "https://drive.google.com/file/d/1WkKflMHT588ODXy246SgzSzNXKpqTtT2/view?usp=sharing",
"avatarName": [],
"comment":""
},
{
"name": "ARIA_MK1_AdvancedFX",
"img": "https://public-files.gumroad.com/variants/a0yzyzazmw8vsp237nnt37kl24gd/3298c3eb001bbed90f1d616da66708480096a0a1b6e81bd4f8a2d6e9b831d301",
"source": "https://hirozu.gumroad.com/l/wedii?recommended_by=search",
"download": "https://drive.google.com/file/d/1639y4BVf9vxrqiIW4IaE4_KnnXbGXOig/view?usp=sharing",
"avatarName": [],
"comment":""
},
{
"name": "Taidum",
"img": "https://images-ext-2.discordapp.net/external/EdE4PeOXh5Zb5UY6tV_cC3OToE4M2O4q-fhXQXv_ZDQ/https/public-files.gumroad.com/variants/q2r88q8d4yfngz6rkw3ti8n4qgl8/5bbae8e847f60b88ec0d6553d418d51ec0a29c69d8f610470549f38ae931aeae?width=435&height=550",
"source": "https://irix.gumroad.com/l/DpDFe",
"download": "https://drive.google.com/file/d/12iPWQ1mRpUu8DdHjfhLZb76r5RKGX0Zi/view?usp=sharing",
"avatarName": [],
"comment":""
},
{
"name": "Wickerbeast King",
"img": "https://public-files.gumroad.com/s0078oropopoa6lnwb4orwgi4go0",
"source": "https://jinapark.gumroad.com/l/JinsWickerbeast",
"download": "https://drive.google.com/file/d/1WJ6Gp1kkrMkSjJCWzIML1TZ1jJKu_tFO/view",
"avatarName": [],
"comment":""
}
]